,,positive,Now all @Apple has to do is get swype on the iphone and it will be crack. Iphone that is
,,positive,@Apple will be adding more carrier support to the iPhone 4S (just announced)
,,positive,Hilarious @youtube video - guy does a duet with @apple 's Siri. Pretty much sums up the love affair! http://t.co/8ExbnQjY
,,positive,@RIM you made it too easy for me to switch to @Apple iPhone. See ya!
,,positive,I just realized that the reason I got into twitter was ios5 thanks @apple
,,positive,I'm a current @Blackberry user, little bit disappointed with it! Should I move to @Android or @Apple @iphone
,,positive,The 16 strangest things Siri has said so far. I am SOOO glad that @Apple gave Siri a sense of humor! http://t.co/TWAeUDBp via @HappyPlace
,,positive,Great up close & personal event @Apple tonight in Regent St store!
,,positive,From which companies do you experience the best customer service aside from @zappos and @apple?
,,positive,Just apply for a job at @Apple, hope they call me lol
,,positive,RT @JamaicanIdler: Lmao I think @apple is onto something magical! I am DYING!!! haha. Siri suggested where to find whores and where to h ...
,,positive,Lmao I think @apple is onto something magical! I am DYING!!! haha. Siri suggested where to find whores and where to hide a body lolol
,,positive,RT @PhillipRowntree: Just registered as an @apple developer... Here's hoping I can actually do it... Any help, greatly appreciated!
,,positive,Wow. Great deals on refurbed #iPad (first gen) models. RT: Apple offers great deals on refurbished 1st-gen iPads http://t.co/ukWOKBGd @Apple
,,positive,Just registered as an @apple developer... Here's hoping I can actually do it... Any help, greatly appreciated!
,,positive,ä½ å¥½ ! Currently learning Mandarin for my upcoming trip to Hong Kong. I gotta hand it to @Apple iPhones & their uber useful flashcard apps  î”–î”“
,,positive,Come to the dark side ðŸ“±â€œ@gretcheneclark: Hey @apple, if you send me a free iPhone, I will publicly and ceremoniously burn my #BlackBerry.â€
,,positive,Hey @apple, if you send me a free iPhone (any version will do), I will publicly and ceremoniously burn my #BlackBerry.
,,positive,Thank you @apple for Find My Mac - just located and wiped my stolen Air. #smallvictory #thievingbastards
,,positive,Thanks to @Apple Covent Garden #GeniusBar for replacing my MacBook keyboard/cracked wristpad during my lunch break today, out of warranty.
,,positive,@DailyDealChat @apple Thanks!!
,,positive,iPads Replace Bound Playbooks on Some N.F.L. Teams http://t.co/2UXAWKwf @apple @nytimes
,,positive,@apple..good ipad
,,positive,@apple @siri is efffing amazing!!
,,positive,Amazing new @Apple iOs 5 feature.  http://t.co/jatFVfpM
,,positive,"RT @TripLingo: We're one of a few ""Featured Education Apps"" on the @Apple **Website** today, sweet! http://t.co/0yWvbe1Z"
,,positive,"We're one of a few ""Featured Education Apps"" on the @Apple **Website** today, sweet! http://t.co/0yWvbe1Z"
,,positive,When you want something done right, you do it yourself... or go to @Apple. AT&T you're useless these days. #yourdaysarenumbered
,,positive,We did an unexpected workshop for the #iPhone4S at @apple yesterday and we got an awesome amount of info #notjustaboutthephone @gamerchik16
,,positive,"&lt,3 #ios5 @apple"
,,positive,---Â» RT @Apple No question bro. RT @AintEeenTrippin: Should I get dis iPhone or a EVO 3D?
,,positive,RT @imightbewrong: I'm OVER people bitching about the #iPhone4S... I think it's the smartest phone I've ever had and I'm very happy.   : ...
,,positive,I'm OVER people bitching about the #iPhone4S... I think it's the smartest phone I've ever had and I'm very happy.   :)  Way to go @Apple!
,,positive,@Twitter CEO points to @Apple as 'corporate mentor' as @iOS signups triple http://t.co/GCY8iphN
,,positive,"At the bus with my iPhone ,) thxx @apple"
,,positive,@azee1v1 @apple @umber AppStore is well done, so is iTunes on the mobile devices.  I was talking about desktop app.
,,positive,NYTimes: Coach Wants to See You. And Bring Your iPad. http://t.co/J2FTiEnG #iPad @apple set red 42 red 42 hut hut @NFL wish I had an #iPad
,,positive,@apple @jilive @DanielPink: Apple sells 4 million iPhone 4S units in first weekend ... Steve Jobs brilliance lives on for ever! #iphone #RVA
,,positive,@blackberry is like the #Titanic and it seems everyone is running for the @apple #iPhone life rafts and there won't be enough for everyone!
,,positive,"@bkad5161 than apologize to @apple ,)"
,,positive,@Apple downloads of iOS 5 are proving popular with users  -- http://t.co/NSHLfiUX
,,positive,Lmfao look at the argument I had with Siri !!
,,positive,Incredible: 4 million iPhone 4Ss in 3 days. 135% better than the iPhone 4 http://t.co/1FMJxTMM @apple #iphone4s
,,positive,Save me from #HP's unwanted OS! Help me buy an #iPhone! I have seen the light! #lol http://t.co/8gUP9Acz #backchannel @apple
,,positive,Well @apple fixed my #ios5 battery drain problem with a replacement iPhone 4 -- it's working like a champ now
,,positive,Currently ordering a BRAND NEW MACBOOK PRO!!! Bahhh... my MacBook is 5 years old. I'll miss it. But it's time. cc: @Apple -
,,positive,you are so blessed. @apple
,,positive,#Siri now knows who my dad, mom, brother and girlfriend is.  Thanks @apple
,,positive,Well at least the @apple store has amazing call waiting music! #need4s
,,positive,#sweet... #apple replaced my glass #probono. thank you @apple
,,positive,Not Bad! @Apple Sells Over 4 Million #IPhones in Debut Weekend - Bloomberg http://t.co/AVSl3ygU - #smartphone #sm RT @VinodRad
,,positive,loving new technology from @apple iPhone 4s, mac air and iCloud are unreal #technology
,,positive,I'm loving this new IOS5 update :) @apple
,,positive,Another mention for Apple Store: http://t.co/fiIOApKt - RT @floridamike Once again getting great customer service from the @apple store ...
,,positive,Time to go get my iPhone 4s.  Looking forward to sticking it to the man by no longer paying for most texts.  Thanks @apple.
,,positive,hey @apple I hate my computer i need a #mack wanna send me a free one.
,,positive,Thank you @apple. My new gf(iphone4s) is great!  She does everything!
,,positive,#iCloud set up was flawless and works like a champ! To the Cloud @Apple
,,positive,@Wisconsin_Mommy @Apple I'd totally email the company... I always get great service at our @Apple store!
,,positive,@apple loving the new IOS5 upgrade for the iPhone!
,,positive,The nice @apple tech support guy fixed my iTouch =D
,,positive,Once again getting great customer service from the @apple store at millenia mall.
,,positive,Is it just me or is #iOS5 faster for the iPad? @apple
,,positive,I love our @apple imac even though I haven't seen my hubby in 3 days now! #geek
,,positive,making the switch from @Android to @Apple #iphone #iphone4S #smartphone #stevejobs (@ Apple Store) http://t.co/kj6pJvkH
,,positive,So THANKFUL for the incredible people @apple for going above and beyond and offering to and replacing my  water-damaged Macbook Pro!!! Wow!
,,positive,New macbook is too sick @apple
,,positive,Play on ma man. Loving the camera in the #iphone4s. Well done @apple  #fb http://t.co/tmdFqRe1
,,positive,So yeah... @apple #iOS5 #readinglists have changed my life. #nowicanspendevenmoretimeonmyphone.
,,positive,@Apple Safari Reader owns the worldwide web
,,positive,I love @apple service . My case has cracked 3x and I go in and they hand me a case and I walk out
,,positive,#10twitterpeopleiwouldliketomeet 
,,positive,Said to have laid out the next 4 years @apple.Jobs last iPhone is 2012 not the iPhone4S. iPhone(4G/5) 2012 is magical! http://t.co/DxxklUBp
,,positive,Kind of excited. On my way to my last class right now and then going to the @Apple store, so buy #MacOSC Snow Leopard and Lion :-)
,,positive,i used to be with @blackberry over 4-5yrs .. after all the disruptions and lost gigs thx to their service im moving to @apple #iphone
,,positive,Apple sells 4 million iPhones in 3 days @apple keep doing what you are doing, because you are doing it well! http://t.co/ZZc6bE0w
,,positive,Yessss! I'm lovin the iPhone update especially the slide down bar at top of screen =) good job @Apple.
,,positive,4 millions in a weekend, 16 #iPhone4S per second. This is madness?! no, this is @Apple !!!
,,positive,.@apple you got me. I'm now invested. MacBook Pro next year. Time to get on selling more of my #android gear
,,positive,@iancollinsuk @apple I like what you did there...!
,,positive,I just sent my grandma a post card using my #CardsApp thanks @Apple
,,positive,"@KostaTsetsekas @apple Putting it in the wash is kind of the equivalent to ""Will it blend?"" Glad to hear it's still alive."
,,positive,Laundering Ari's iPhone not my finest moment. But after drying in bag of (organic :-) rice for 4 days it booted up!!!!!!!!!!! @apple
,,positive,Bravo, @Apple! http://t.co/BgoTzj7K
,,positive,God Bless @YouTube, @apple for  #appletv & our bad ass system. LOVING #PrincessOfChina. GB to @coldplay & @rihanna too :)
,,positive,Been off twitter for a few days as I smashed my iPhone but @apple were very nice and gave me a new one :)
,,positive,Thank you @Apple iOS 5 for email pop up on the lock screen and opening it when unlocking.
,,positive,One word - #wow. RT @jldavid iPhone 4S First Weekend Sales Top Four Million: http://t.co/Zx5Pw0GT (via @apple)
,,positive,This good here iPhone will do me VERY well today. Thanks to the gods that are @apple.
,,positive,RT @MN2NOVA: Love ios5 Easter eggs. Pull down from middle top to bottom and see what pulls down. Awesome little feature! #ios5 @apple
,,positive,Love ios5 Easter eggs. Pull down from middle top to bottom and see what pulls down. Awesome little feature! #ios5 @apple
,,positive,Love #ios5 Easter eggs. Pull down from middle top to bottom and see what pulls down. Awesome little feature! @apple #lovemyiphone
,,positive,Updated my iOS and started using cloud services. Pretty bad ass @apple my #iPhone 3GS still the champ.
,,positive,Gone for a run, beautiful morning , man do I love iOS 5 @apple, #iPhone
,,positive,@apple your simply the best.
,,positive,I must admit @apple has made me a very happy camper! I have text tones now! Lol! Ring tone: #MakeMeProud Drakes vers! Text tone: Nicki's
,,positive,Day305, I'm thankful for the great customer service received today from @Apple via phone CS, new phone on the way #365daysofgratefulness
,,positive,S/O to @apple for replacing my phone for freeî€Ž
,,positive,Loving the new iPod update @apple
,,positive,@alexlindsay My wife upgraded her iPhone 4. I think Siri alone is worth the upgrade. Looking forward to @Apple continuing to enhance Siri.
,,positive,RT @tomkeene Thx @instagram Thx @apple #hypo #D-76 #tri-x http://t.co/BPPJwncp
,,positive,@SteveJobs being honored tonite @Apple...A truly great loss to the world.He will so be missed
,,positive,Thx @instagram Thx @apple #hypo #D-76 #tri-x http://t.co/D7EeJHBT
,,positive,Loving my new #iPhone4S thanks @apple for #ios5
,,positive,i love this. so much. thank you @apple.  http://t.co/Ui8lOEzX
,,positive,@apple the iPhone 4s is great #genius
,,positive,@apple Cards app notifies me the card I sent has arrived at local post office and should be delivered today... Sunday. Truly is #magic.
,,positive,Love my new I0S5 @Apple updates. Just when I think it can't get any better somehow it simplifies my life more. That's right-it's an Apple.
,,positive,@apple Siri is amazing
,,positive,@rygurl you need an @apple iphone4S with Siri!
,,positive,Meet #Siri, your new iPhone butler. Click the link and be amazed by all it can do: http://t.co/lvfFdCEL @Apple
,,positive,just my man @apple store in @schaumburg, whoops!!!!ðŸ˜
,,positive,"So, I am using my work PC (NEVER EVER) to get a feel for it, it has the worst speakers ever!! @apple you have spoiled me!! #imamac"
,,positive,I â™¥ @Apple http://t.co/a8on3IAa
,,positive,@apple just got the new iOS5 upgrade with iMessage...good luck surviving now @BlackBerry
,,positive,Loving #iOS5 !! #awesome @Apple
,,positive,RT @MattyRiesz: @kathrynyee You were right, an iPhone is a must have. #addicted {WELCOME TO THE @APPLE CLUB}
,,positive,Thank you @apple for your innovations. Exhibit A: Guy playing with Facetime instead of watching game at sports bar. http://t.co/oU7K39ge
,,positive,@blackberry boo hiss!............@apple wuhu!!!!!!!! When will my berry powered technology actually work??
,,positive,@apple by far the best iPod and first time iPhone ever.... Good job guys
,,positive,Thank you Steve @apple store 5th av. http://t.co/nSAisriP
,,positive,@Apple's Siri is witchcraft.  What's next @googleresearch. 2 yr lead lost?
,,positive,@Apple iOS 5 is sweet! Notifications, phone search covers mail now, wifi sync, iCloud backup and integrated Twitter are all well done.
,,positive,RT @katebetts: Another great James Stewart story in today's NY Times about importance of architecture in @apple retail success http://t. ...
,,positive,Another great James Stewart story in today's NY Times about importance of architecture in @apple retail success http://t.co/Kniz452s
,,positive,"I &lt,3 @apple http://t.co/ondXWpEr"
,,positive,Welcome to the twitter world @MarkStuver. This is due to #iOS5 and @apple thanks guys.
,,positive,Impressive service @apple genius bar metro centre. Power cable replaced free n booked in for screen replacement for free :- D
,,positive,RT @deb_lavoy: the nice guy at the @apple store replaced my phone gratis when I showed him the hairline  crack on the screen. thanks @apple
,,positive,the nice guy at the @apple store replaced my phone gratis when I showed him the hairline  crack on the screen. thanks @apple
,,positive,My iPhone 4S battery lasted longer than a day. That hasn't happened since my edge iPhone. Nice job, @apple.
,,positive,It would have taken me 15 mins to write this with my #Blackberry. Thank u @Apple 4s for converting me and showing me the grass is greener!
,,positive,RT @herahussain: @RickySinghPT got a new backside for my eye phone! V impressed with @apple
,,positive,@RickySinghPT got a new backside for my eye phone! V impressed with @apple
,,positive,#iPhone 4S in Space http://t.co/jINNHVwz this is amazing #creative @apple your products inspire people to do unbelievable things
,,positive,Thank you @apple for making my iPad 2 feel like new again with your new iOS 5!
,,positive,_ibertaddigital.tv/ iPad a briliant SteveJobs produck ,http://t.co/00ohfLY6
,,positive,Using my awsome iPad... I love it. I love my MacBook too and my iPod. It's all amazing! I love @apple
,,positive,@apple iOS 5 upgrade done ...... Much better feature..... Few more feature required
,,positive,New iOS 5 update is THE BEST. iloveyou @apple
,,positive,Finally got my iPhone 4S, thanks @Apple. Stupid @att. Learned my lesson.
,,positive,I absolutely love my iPhone 4S. Thank you, Steve and @apple.
,,positive,@apple - you have invented a product that actually gets my brother to call my parents when he gets where he's going. Amazing. #siri #ipod4s
,,positive,dammit, listening to siri is making me want to upgrade. well played @apple.
,,positive,Create new folders from within your photo album in #iOS5, finally!! Thanks @Apple, that's been a thorn in my side for a while. #newfeature
,,positive,Video card on @Kimaris workstation died after just six months. So long @hp. Hello @apple.
,,positive,@Blackberry & @Facebook U R really about to make me throw this @Blackberry in the trash an get an @Apple iPhone! @Facebook upload issues!
,,positive,#iOS5 update submitted to @apple! Thanks for all the support!
,,positive,Awesome service from the @apple store in pc. Thanks chris!
,,positive,RT @To1ne: .@apple thanks for fixing this... http://t.co/wTj1ogDO
,,positive,I am crazy about #iOS5 . The photo cropping is the best! @apple
,,positive,.@apple thanks for fixing this... http://t.co/wTj1ogDO
,,positive,Hell yes!!! Got my contacts back!!  Thanks @apple
,,positive,RT @SawyerHartman: I FU*KING LOVE YOU @APPLE this phone is the best thing ever !! SIRI = BEST THING EVER MADE
,,positive,@apple has changed life.
,,positive,Mad props to the @apple employee that didn't charge me to replace the back plate on my iPhone! Made my day!
,,positive,@jonsibley Actually, the @Apple  mouse is pretty sweet man.
,,positive,The #iphone4s is  amazing. Siri's voice recognition is absolutely a step above previous attempts. Bravo @apple
,,positive,Finally got the @apple IPhone thanks to @sprint getting with the times
,,positive,#iOs5 is nice and as it had to be ! Thanks @Apple
,,positive,Good support fm Kevin @apple #Bellevue store 4 biz customers TY!
,,positive,Just downloaded IOS 5. It's better than I expected! #thankyou @apple
,,positive,@Apple: Siri is amazing!!! I'm in love!
,,positive,Love love love iOS 5!! @apple
,,negative,RT @cjwallace03: So apparently @apple put MB cap on your SMS with the new update. 25mb storage before it tells you your inbox is full. W ...
,,negative,RT @Jewelz2611 @mashable @apple, iphones r 2 expensive. Most went w/ htc/galaxy. No customer loyalty w/phone comp..
,,negative,@mashable @apple, iphones r 2 expensive. Most went w/ htc/galaxy. No customer loyalty w/phone comp..
,,negative,THiS IS WHAT WiLL KiLL APPLE http://t.co/72Jw4z5c RiP @APPLE
,,negative,@apple why my tunes no go on my iPhone? iPhone lonely without them. silly #iOS5
,,negative,@apple needs to hurry up and release #iTunesMatch
,,negative,Why is  #Siri always down @apple
,,negative,I just need to exchange a cord at the apple store why do I have to wait for a genius? @apple
,,negative,"@apple AirDrop #fail - Immediate ""declined your request."" every time"
,,negative,good article about why @apple fucked it all up with lion and their future. http://t.co/zNDP9Vr6 #fb
,,negative,RT @radlerc: Yellowgate? Some iPhone 4S Users Complain of Yellow Tint to Screen http://t.co/uaqrxTNk @apple @iphone4s
,,negative,Yellowgate? Some iPhone 4S Users Complain of Yellow Tint to Screen http://t.co/uaqrxTNk @apple @iphone4s
,,negative,The one #iphone feature still missing since @apple first showed it.. Contacts pictures on the contacts list! Simple yet 5 major updates miss
,,negative,Asked siri is she dreams of electric sleep. Was disappointed that she didn't have a snippy answer.  Missed opportunity @apple
,,negative,"@paulens It surprises me that @Apple throws up an error alert about authorizing, and there's no ""Authorize this computer"" button."
,,negative,@Lisa_Marie1987 shhhh. the evil sith lords @apple may hear you ha!
,,negative,FUCK YOU @apple DIE IN A FUCKING BLAZE INFERNO.
,,negative,Oh, @apple. Steve obviously had nothing to do with iPhoto, as it's the perfect opposite of 'insanely great'. Get it fixed, please.
,,negative,OMG @apple WHY THE FUCK DID YOU DELETE ALL MY MUSIC YOU DICKS
,,negative,"@ryanbaldwin @apple So in iTunes I go Store -&gt, Authoriseâ€¦ why doesn't it just auto-authorise it when I sign into iTunes? Grrrr..."
,,negative,"Seriously - I have absolutely no offing clue what @Apple means by ""authorization"", nor how to do it."
,,negative,"Boy, could @apple make it any harder to put my purchased music from the cloud on to my new macbook pro? ""You must authorize this computerâ€¦"""
,,negative,shit, shit, shit. IOS5 update ate all my apps, data and media just like @apple said it would. This is going to take some time to rebuild.
,,negative,. @apple & @AT&T u cannot tell me there isn't at least 1 64GB iPhone 4S in LA or Vegas!! Give me a fucking break!!!!
,,negative,Love @apple downloads. 4 hours and i-pad now wonky! #ripstevejobs #thenonsensepersists #neednewipadguide #fatfuckingchance
,,negative,Dear @apple My new Air is now a notbook since your update killed #wifi #bug #destroying #productivity
,,negative,I am so done with @Att and @apple 's profitering and lack of customer service, so fucking down with both!!!
,,negative,It would be great If @Apple would send my new phone. #frustrated
,,negative,@apple thank you for ruining my 3GS with #iOS5. You've just turned my phone into an utterly useless pile of shit.
,,negative,@rogerweir no but I have the option of a  replacement iPhone 4s ?
,,negative,So apparently @apple put MB cap on your SMS with the new update. 25mb storage before it tells you your inbox is full. What is this 2001?
,,negative,You know @apple It's been almost a week since I paid for iTunes Match, I would really like to use it. Any ETA on a fix?
,,negative,removing all @apple shit.
,,negative,So @PhoenixSwinger 's iPhone 4 is giving her a hella hard time w/ the iOS5 update @apple
,,negative,What??? I that sucks hello @apple RT @PhoneDog_Aaron Interesting note - DROID RAZR's battery isn't removable.
,,negative,@Apple can't send me an iPhone preordered 1hr after launching but they cans send 5 or 10 to all the jackasses who want to shoot or blend 'em
,,negative,Gotta say the @Apple itouch iphone shuffle etc.. sound quality is AWFUL.. painfully crap. Its been a downgrade from @Sony sound quality wise
,,negative,@bisquiat @Apple the upgrade just slows down my phone so much, it's stuck half the time. uch. thankfully no other damage. sucks for you :(
,,negative,@Mayati I think @Apple didn't do such a thorough job with the step x steps for upgrade and move to iCloud. Now it's cost me mightily.
,,negative,Hey @apple now I have iOS5 my iPhone doesn't include songs that are on compilation albums under the artist's name. #whaddupwitdat
,,negative,@NickTheFNicon He can send but not rcve txts so he has an apt @apple at 4pm.Then he exclaims: And I waited a whole YEAR for this phone!!LMAO
,,negative,Total chaos at @apple store regent street. Like an Ethiopian feeding station. Can't believe this is same co. that makes all that cool shit.
,,negative,@FishMama: If you made a purchase, just wait for the @apple survey! hate going b/c of the bad #custserv
,,negative,Correction: @ Best Buy kudos to Chris @ Alamo Ranch S.A. TX-fixed issues couldn't resolve after 1/2 day w/ @ATT & @Apple. Hero of my day!
,,negative,"@phxguy88 @Apple @BGR That's why all the ppl who stand in line for hrs to get the ""newest"" model are suckers..."
,,negative,Would it kill @apple to put a braille type bump on their earbuds so we know which bud is R and L in the dark.
,,negative,@APPLE Wow @MOTOROLA Just crushed your dreams....
,,negative,"RT @phxguy88: Oh, just fuck you, @apple. Already?? ---&gt,  iPhone 5 on schedule for summer launch? http://t.co/Ofh9PTaG via @BGR"
,,negative,"Oh, just fuck you, @apple. Already?? ---&gt,  iPhone 5 on schedule for summer launch? http://t.co/Ofh9PTaG via @BGR"
,,negative,@apple, 
,,negative,WTF?!?! @apple the new iOS 5 doesn't allow you NOT to get push notifications from newstand? and SIRI just keeps yapping FUCK!
,,negative,@Apple, on the #iPad with #iOS5, why has the Messages Icon been included when it can't be used?
,,negative,@Steelo254 yea! I pre-order through @apple and they sorry too just like #AT&T
,,negative,Interesting... @apple now requires you to have a reservation ?         #apple #iphone #4S    :  http://t.co/zZK4fTii
,,negative,@apple why is my iPhone battery so crappy #fail
,,negative,My @Apple @macbook keyboard will not type :(
,,negative,Why doesn't @apple iCloud sync Stickies? They've always been around, just nothing every progressed w/ them!! Why apple why?  @gruber
,,negative,"@apple, your new ""Save a Version"" function in Pages is absolutely the most awful, interrupting, counter-intuitive piece of crap in the world"
,,negative,I hate my @apple computer.  Thats 3500 dollars down the drain.
,,negative,@apple my iPhone is charging very slowly!!!!!
,,negative,@Apple #iOS5 gm on ipad1 is very slow wash better on beta7/8 solve this problem, or give me the ipad2
,,negative,@apple Wish I could pick month, day, and YEAR when setting a new calendar item on my iPhone. Why hasn't the new iOS fixed this yet?!
,,negative,@Apple iTunes is the worst program ever. For such a great phone, you make some awful software.
,,negative,One would think the voice recognition on the @apple tech support line would work a little better.
,,negative,@apple $319 to repair my iPad 2, Apple you've lost me and my $700 a year, Android here I come!
,,negative,@azee1v1 @apple @umber Proper consolidation, proper syncing, stop losing my PURCHASED items, checkboxes that do what you think they will do.
,,negative,@AsimRang @apple @umber the desktop app is wack though
,,negative,I made a reservation and yet I still have to wait in line. Humpt! Oh @apple (@ Apple Store w/ 2 others) http://t.co/JZmVBdNm
,,negative,Frustrated that I bought a new macbook pro from @apple only to find it doesnt ship with media! #expensivepaperweight
,,negative,Dear @apple. I had to turn off all those awesome featured you just enabled. Data plan can't handle it. 200 mb of data just because #
,,negative,#DontBeMadAtMeBecause #Android is by far better than @Apple
,,negative,@apple is there a problem with iOS 5 that is preventing audio apps and audio functions from operating properly? I keep losing sound.
,,negative,@apple #apple One thing I hater about this #mouse the #buttery finish so fast am not #happy now #macworld @macworld http://t.co/5Uh4a4Vt
,,negative,Hey @Apple: stop sending your automatically-depreciate-all-iPhones-older-than-the-4s signal. My #iPhone4 is dying rapidly processor-wise.
,,negative,Only thing bad about the new @canon camera is that it has two compact flash cards... not one of SD. SD goes in my @apple computer. Damn you!
,,negative,Wtf @apple 64 pages for the new terms & conditions when u update ur apps from the iTunes store. Do u really think we'll read em? Really???
,,negative,fuck u @apple
,,negative,oh and prolly ganna be late to work bc @apple has screwed me and my phone has my only alarm on it
,,negative,why the fuck dose my phone decide its just ganna freeze every time i try to update it so fucking sick of @apple
,,negative,. if u need me just text me o wait u i wont get it cuz @apple fucks me every time #fuckingpissed
,,negative,iMessage doesn't show the time a message was sent, annoying @apple
,,negative,Like @apple da fuck is this shit?  http://t.co/nb4DHlSg
,,negative,RT @CircusTK: I'm wit chu!! â€œ@ShayDiddy: Officially boycotting @ups!!! Calling @apple to curse them out next for using them wasting my t ...
,,negative,Damn it @Apple!! Whatchu done to my phone??
,,negative,Samsung seeks iPhone 4S ban in Japan and Australia
,,negative,@apple, why is it every time there is iOS software update my iPad goes dead and I need to totally restore? #fail
,,negative,@apple #iOS.5 has been nothing but a pain in the ass no room for my music.. Or photos.. Or apps! Can I undo this garbage??
,,negative,RT @RedDeerSteph: @Joelplane @apple I hear you! I've had trouble with my 3 & now 4. I've even turned down brightness. #andshuttingdownru ...
,,negative,@Joelplane @apple I hear you! I've had trouble with my 3 & now 4. I've even turned down brightness. #andshuttingdownrunningprograms #nohelp
,,negative,@albertmal88 remember @apple is evil. #icloud entering the #dropbox market
,,negative,9% now on my second full charge of the day. Pissed @Apple
,,negative,RT @ShayDiddy: @CircusTK @ups @apple both of them are bs!!! How do u tell me go between a certain time ONLY and the muh fuh is closed!
,,negative,I'm wit chu!! â€œ@ShayDiddy: Officially boycotting @ups!!! Calling @apple to curse them out next for using them wasting my time!â€
,,negative,ugh! @apple, youâ€™re reservation page for the iPhone is NOT working.
,,negative,iTunes is @apple's worst product. Worse than the #Newton or the hockey puck mouse. It's utterly painful to use.
,,negative,DeÃ¡r iCloud I HATE U , AND I HOPE YOU DIE , YOU ARE THE WORST FUCKING INVENTION IN THE WORLD , FUCK YOUUUUUUUUUUUU #iCloud @apple @stevejobs
,,negative,i update to ios 5 and lose everything on my phone and it wont let me sign into my itunes account... thanks @Apple
,,negative,Suddenly lost all address book on @3GS iPhone. And someone was using my @Apple ID. It all fucked up.
,,negative,oh.. my iphone is overcapacity huh?! -____-  @Apple won't let me be great!!!
,,negative,Issues with updating iTunes on my windows pc - they really are not compatible.... Sent more time talking to @Apple care than using it!!
,,negative,@apple u guys are gay
,,negative,Restored my iPhone. STILL NO TEXTS. DEAR @APPLE Y NO LOVE, Y RESTRICTIONS ON MY SMS?  Y NO TEXTS.... #iOS5 #iOS5atemydingo
,,negative,none of my apps work after the new ios from @apple. what do i do?!?
,,negative,Seemingly endless loop of calls to @apple, @ups, @verizonwireless to investigate my missing #iphone4s. #crankywithnophone
,,negative,@Wisconsin_Mommy @apple that's terrible!  I hope you get an apology!
,,negative,@zombiebomber have been on the phone with @verizonwireless and @apple pretty much ever since then. Really annoyed.
,,negative,@chascouponmom @apple I get they are busy w/ the new phone, but I just wanted to buy a stylus. they made me wait forever outside & never
,,negative,@apple @iphone Please deliver my daughter's i4s, she is driving me nuts #iphone
,,negative,I'm givin' this stupid @apple reserve system 2daysâ€¦ If I cant get reservation, I'll never buy any Apple productsâ€¦ (yup I hate contracts)
,,negative,@sprint @bestbuy still no word on my iPhone4s preorder.  Best Buy blames Sprint, Sprint blames @apple, I just want an honest answer.  #help
,,negative,Hey @apple, the SMS full message is complete shit. Yes, I'm annoyed.
,,negative,Have never had such poor customer service at @Apple before! What happened? (@ Apple Store w/ 2 others) http://t.co/GKlXMUi6
,,negative,@Apple your service experience is really fucking slipping (except for cute, eyelash batting girlies). (@ Apple Store) http://t.co/dOHDEnMg
,,negative,Had ma Ipas not 24 hours an I jailbroke it...now its SHAGGED itunes won't letme restore it @apple SYM!!!!
,,negative,@hailfire101 @Irvysan They are... then @apple happened and snatched Siri so they could be douchebags and say 'it's ours!'
,,negative,What was @apple thinking making #Siri totally dependent on a network connection? Siri + @ATT = utter frustration.
,,negative,Wow the Genius Bar Reservation Line @Apple is ridic right now - ___- I am not amused. #ugh
,,negative,Where is my iPhone!?!?!?!
,,negative,@apple battery life suck on iOS 5
,,negative,An apple update has seemed to render my work machine incapable of opening HDV video. Thanks @Apple. Zero useful productivity today.
,,negative,@apple I committed to your cloud storage iDisk and now it's raining :-( so soon no more iDisk.  Any plans for a new service for storage?
,,negative,Hey @apple why can't I share a reminder list from my iPhone?
,,negative,Apparently fuzzball crashes on #iOS5. Congratulations @apple on another incompatible upgrade
,,negative,could @apple lion please integrate vertical spaces in mission control. this horizontal business is making me nauseous
,,negative,Can someone plz explain to me whhyy @apple is only distributing 2-3 phones per day to the sprint stores. I'm really ... http://t.co/uf9taK8f
,,negative,GAH. @apple iOS 5 opens text messages painfully slow, on top of 3 restore attempts 2 succeed. Early adopterness gets better of me.
,,negative,Dear @apple: Why did all my PDFs and ePub files disappear from ibooks in my iPhone post ios5 upgrade? This hurts. #3GS #needsomethingtoread
,,negative,"â€œ@CBM: Lies @apple. the battery on this new iPhone4S is definitely not any better.â€ &lt,&lt, check Settings: 8 times more App usage in iOS 5"
,,negative,As a huge podcast fan - I really feel like @Apple dropped the ball on this one. http://t.co/wvzPrbCI via @Carrypad
,,negative,I don't really like Siri's voice. Perhaps @apple can get Star Wars voices just like @garmin http://t.co/pSUJg9pN
,,negative,â€œ@carlton858: I really hate dealing with the brain dead people at the @apple store. For such good products, customer service sucks.â€ in NZ?
,,negative,I really hate dealing with the brain dead people at the @apple store. For such good products, customer service sucks.
,,negative,You can make photo albums in the Photos app with iOS 5, but can't password protect them? Um... @apple, fix that. Quickly.
,,negative,Anyone else seeing missing signal bars on their #iPhone 3GS with an upgrade to #iOS5? cc/ @applecanada @apple @forstall
,,negative,RT @CBM: Lies @apple. the battery on this new iPhone4S is definitely not any better.
,,negative,"@apple If you want to know what customers think dont send updates with the ""noreply"" return address. Who invented that anyway. #useless"
,,negative,"Every time I try the voice control on my iPod Touch to send an iMessage, it starts playing ""Who Knew"" by Pink.  Still not Flawless @Apple"
,,negative,should be studying/ doing work but no I'm hold with @apple HURRY THE FUCK UP! #nopatience
,,negative,Ok Hindi keyboard in #iOS5 is something to cheer about.  But @apple  what about  support for 20+ missing Indian languages!? #FAIL
,,negative,RT @ScottDugas: Warning: if iphone apps spontaneously loose data, it might not be the app's fault - http://t.co/1SEsvWwm #ios5downgrade  ...
,,negative,@betweensundays Ah! Yeah...should be an option...hopefully @apple figures that out. Thx
,,negative,"""Waiting for items to copy"" in Itunes after everything DID copy goes on, and on, and on.  Come on @Apple, what the hell?"
,,negative,@Apple unhappy again with service/product quality. Won't buy @Apple again.
,,negative,Lies @apple. the battery on this new iPhone4S is definitely not any better.
,,negative,"â€œ@philipgrey: dear @apple, why you gotta go change the way &lt,input type=""number""&gt, is handled out of the blue?â€"
,,negative,Been on hold with @apple customer service for 25 minutes. Wow, lt's like they're #timewarnercable.
,,negative,anyone else stuck in duped calendar/mail/battery sucking @apple hell? #iCloud and #OSX Lion are a disappointment
,,negative,For being the inventor of the computer mouse â€” Why is it that @Apple has never made one that is not a complete piece of fucking shit?!!?
,,negative,@Apple you're killing me. Excited about iOS5 no longer- tragic battery drain, genius bar wants to replace the battery. Really?
,,negative,1st impressions  of #iOS5- Disappointed w upgrade restore. Lot of apps & folders missing @apple do  how much time went in2 orging it? #fail
,,negative,@PrJusto Don't question the @Apple they will remember your dissent!
,,negative,"@apple: Multiple times siri is ""having trouble connecting to the network.""  Siri needs servers (and some exercise!)"
,,negative,So my iMessage still isn't working! @apple
,,negative,RT @JimMcNiel: if @apple does not resolve the #Siri network issues they will need to rename a great product to Sorri - Who else is havin ...
,,negative,"dear @apple, why you gotta go change the way &lt,input type=""number""&gt, is handled out of the blue?"
,,negative,Ugh. WTF is up with all the bottlenecks @paypal @apple?
,,negative,+1  RT @Doug_Newton: @apple PLEASE FIX #Siri!!!! She can't connect to your network!!!!!!!
,,negative,@apple PLEASE FIX #Siri!!!! She can't connect to your network!!!!!!!
,,negative,if @apple does not resolve the #Siri network issues they will need to rename a great product to Sorri - Who else is having issues?
,,negative,any chance @apple will release good headphones that dont blast music outside the ears? #iphone #ipod its quite obnoxious
,,negative,"@Apple - #Siri is not working due to ""network problem""? Seriously? Can you fix this? #iPhone4s #Fail"
,,negative,@trisha_ps @iCloud is Cloudy. @apple tech, not very techy.
,,negative,@electricsoup It has to connect to @Apple to process commands, which it is failing to do right now
,,negative,See @Apple, that what's happen when you release iPhone 4S with same crappy design as the old phone!
,,negative,This. RT @bonkoif Looks like @Apple did not appropriately project the resources needed for Siri. Not very reliable
,,negative,Looks like @Apple did not appropriately project the resources needed for Siri. Not very reliable
,,negative,"Spoke to an @Apple rep on phone & could hear her tv blaring in the bg.  She said, ""I can't actually help u, just direct u back to the web"""
,,negative,What's wrong with Siri today @apple
,,negative,@Apple Siri is down!
,,negative,I'm suspecting @Apple timed the health-decline of my iPhone 4 perfectly with the iPhone 4s release... My battery is seriously ailing.
,,negative,on hold for another half hour. phone is ringing but no one is picking up.@apple you stink.
,,negative,Ok this @Apple software update for the #iphone is taking waaaaay too long!
,,negative,@Apple would do better to inform customers properly about migrating to #iCloud - many complaints lead to #image damage http://t.co/QL7zmPpO
,,negative,@apple does iOS 5 rape your battery life? or am I just using my phone a lot since getting it
,,negative,@jane73 @Gazmaz hopefully it's a small bug @Apple must be fixing it. RIGHT  APPLE }:0( 
,,negative,@samsung, @apple, you do realise you're just really pissing off the customer base AS WELL AS looking petty.
,,negative,@Apple - why do I have to have apps I am updating in their original 'folder' location? That was painful.
,,negative,@apple domain fail. Open 2 hrs late for walk in ppl. Store was empty and i only need a skin 4 my screen. You represent customer service FAIL
,,negative,@BrianMincey @apple the chipsets tear through battery life. Coworker has a htc thunderbolt that he gets about 3 hours of life.
,,negative,I wish the Apple updater would stop trying to ram iTunes down my throat. I don't own a pissing iPhone @apple
,,negative,Is it me or does my #iPhone run slower since the #iOS 5 update? @apple @Verizon
,,negative,Just searching with my voice on my 2 year old nexus one @apple.
,,negative,@apple, your update server has been timing out for a week. i had to force a restore w/the new #iOS5 software. lost all my stuff. thanks!
,,negative,Thanks to a 90 minute wait on hold, half an hour actually talking to someone, the @Apple tech decides to send me an email to fix my phone
,,negative,I am very upset about and inconvenienced by this iphone update failed backup. @iphone @apple
,,negative,but seriously @apple finance me a damn phone you greedy bastards! OR Santa...get your jolly ass in gear and get us a 4S - white plz
,,negative,My schedule is 2 busy 2 spend UNquality time with @ATT @Apple 2 recover Iphone again-The mo' mobile I get the mo' immobile I is. Sync Not!
,,negative,Pondering the iOS update... From the sounds of @MikeFerri's difficulties, I may just hold off :/ @Apple, FIX IT!
,,negative,@twalve @apple you know the issues they have with DST and alarms :p
,,negative,Why book @Apple Genius Bar if after 2.5 hours you still can't be served. Disappointing Apple Store Sydney. #thanksfornothing
,,negative,Apparently @Apple genius training doesn't extend to clocks & service. They're half an hour late for my appointment and couldn't let me know?
,,negative,Thanks @apple for an OS update that has only succesfully bricked my iPod.
,,negative,screw you @apple iOS 5. I can't download this crap, and I'm tired of trying. Get this problem figured out about my connection timing out
,,negative,Wow. iCloud's mail is down. 1st the iOS 5 upgrade issues and now this. I really hope this isn't @apple without Steve Jobs.
,,negative,@apple  why don't you guys test your upgrades before you put them out. 15 1/2 hrs u guys wasted of my time yesterday. Thanks.
,,negative,what is going on with all my @Apple products?! First my #iPad freezes (still is frozen) and then my #iPhone won't turn on!!! #techieTroubles
,,negative,#iPad in perpetual restore loop after trying to upgrade to #iOS5 :(
,,negative,2nd @apple genius apptment running late 2nd day in row for 2nd dodgy iPod . You make mega $$$ hire some staff.
,,negative,It took @apple about 7 years just to figure out how to properly syncronize an iPhone.  WOW!  #ios5
,,negative,@apple So I went to the 5th Ave store and was told I could wait about 4 hours to get a 4S. Needless to say I'm back at the hotel relaxing.
,,negative,"Overall I am a fan of the iPhone 4S, however, my Siri has issues connecting to the network @Apple"
,,negative,Terrible customer service at Los Gatos @Apple! Why do I have to pay $199 for a bad home button on my iPhone?!?
,,negative,@Apple thank you for sucking so much. I cannot believe you would sell something online that isn't made
,,negative,Having major battery drain issue since updating iPhone 4 to iOS 5.  Anyone else? @AppStore @iPhone @apple
,,negative,Dear @apple please send me my Mac Book back surely the repair is done by now... Thanks!
,,negative,@Apple, #iOS5 on iPhone2 causes Camera apperature dilation problems & freeze.
,,negative,@Apple, #iOS5 #geolocation Suburbs with 2 words drops Map Pins in other States! Please fix.
,,negative,Sorry @apple, but #iMessage will never be what #BBM is. Disappointed.
,,negative,Iphone 4s siri doesn't work for shit @apple
,,negative,Clarence Thomas must have designed the new OSX lion, tossing decades of workflow standards, @apple bring back â€œsave asâ€! #autoSaveSucks
,,negative,@semilshah yeah except that when you ask for a receipt, it takes them 30 minutes to figure out where it printed out. Fix that, @Apple!
,,negative,RT @JDougyJ: hey @apple do you wanna fix my fucking playlist order, you piece of shit
,,negative,"Bummer!  My @Yahoo! iPad fantasy football app keeps crashing, not sure if it's the app or the new @apple iOS 5. Only two apps running."
,,negative,@Apple can suck my dick gotta restore my ipad #annoyed
,,negative,The line at the @apple is just STUPID
,,negative,@nansen Man, that sux! @apple io5 upgrade a total #fail for you!
,,negative,Dear @Apple Contacts, you are terrible. I just cleaned duplicates for 3 hours and they magically reappeared. Fix it.
,,negative,Is it too much to ask which app is incompatible, @apple? http://t.co/yKqip7nk
,,negative,Pissed with whoever designs keyboards with @apple for not having a home and end key.  working on the CLI i use those keys often
,,negative,@NoVaTyler @apple Most of mine are gone too! Not recovered after I saved them b4 I upgraded my iPhone! Soooo pissed!
,,negative,hey @apple do you wanna fix my fucking playlist order, you piece of shit
,,negative,Siri is having a hard time remembering who my sister is. contact card needs space for family info. #iPhone4S @apple
,,negative,#ios5 getting sloppy @apple. U need to check your QA team. Too many issues with apps, data and syncing
,,negative,RT @nansen: so this SMS full message is known @apple issue with new iOS5 update. trying restore. When all else #fail - restore.
,,negative,So glad that I paid $69 for this @apple care protection plan.  Been on hold for over 20 minutes now.  Great customer service. #NOT
,,negative,not happy with @apple right now. the upgrade to my itouch4 took out my itouch and laptop. #help
,,negative,All I can say about @Apple right now is #GoodRiddance â€” See? Cancer isn't ALL BAD!
,,negative,@twitter can you look at problem on iPad where it won't open @ messages. It just crashes the app. You too @apple maybe your fault.
,,negative,@apple What's the point of iCloud wireless updates when ios5 now forces me to use the computer to charge my ipod touch now? #worstupdateever
,,negative,@robert_terpstra no worries bud, ps: they're saying that the 4s is having a lot of network issues right now. (I'm @apple for mac problems)
,,negative,I hate you @apple for not sending Toledo,oh @bestbuy any @iPhone for @verizon even after I pre ordered!!!
,,negative,@pmphillips @apple If my non-Apple equipment broke this often, I guess I'd need an Asus genius bar. But it doesn't, so I don't :-)
,,negative,Why is the new @apple iPhone OS duplicating all my iCal events? There's 2 of everything. How do I fix it? (tried turning iCloud off)
,,negative,Dear @Apple, how convenient/handy/thoughtful/smart that after iPhone #ios5 update you're apps won't work anymore! (none!!!) :( #gr%\mbl^.%)
,,negative,Hey @Apple...I know Steve Jobs died & all but my Twitter for iPad app keeps crashing...Fix it...NOW..please..lol -F.Light
,,negative,@apple not happy with Apple today. I did the suggested software update and now nothing works!!!
,,negative,Smashed yet another #iPhone screen. When are @apple gonna make the phone more durable!!! Tired of fixing it myself!!!
,,negative,IOS5 has one problem, when i save someone in my contacts they don't show his nam becuz of the region/ +965 @apple #apple
,,negative,I sure as hell better be able to restore my calendar events. Terrible bug apple! @apple #icloud #anothericloudfail
,,negative,I really hate that @apple won't let you hide the Newsstand app or move it into a folder. It serves no purpose for me.
,,negative,Life was much easier when @apple and @BlackBerry were just fruits!
,,negative,@apple No location reminders on ipad2! That was the point of updating to iOS 5
,,negative,Comparing @Office #live with @google #apps and @apple #iCloud , I do not see #iCloud leading the crowd. Do you agree ?
,,negative,Turns out my computer isn't as fixed as it is meant to be. Fuck you @Apple, I'm going back to your Genius Bar to complain. #annoyed
,,negative,If @apple doesn't fix iOS5 this week, I'm buying a droid #emptythreats
,,negative,@apple pls launch #Siri on iphone4 .. Disappointed after spending hours for upgrading to iOS5..
,,negative,@apple you can suck it you and your fucking iPhones better be glad it's all I like cause the service Is fucking terrible
,,negative,This is the first time I've been unhappy with any @apple product... Disappointed, and the Internet seems as confused as I am right now.
,,negative,After a week or so with @Apple's #iOS5 I'm considering going back to #jailbroken 4.2 - same features as 5, plus more. Not as stable, though.
,,negative,Had issues with #Siri reaching network today. Too many uses or my signal? @apple
,,negative,The new iOS5 completely failed at upgrading the phone. Now I'm stuck in this restore loop. Thanks @apple for wasting my day. Can i undo?
,,negative,Is it me or does #iPhone4s run a little warm sometimes? @apple
,,negative,@apple WTF why can we not add the newsstand to a folder?! We are already in your walled garden, so please don't remind us of it.
,,negative,@apple just now seeing none of my Microsoft Office programs work anymore after Lion upgrade. Why??
,,negative,Dear @Apple, I don't want the newsstand icon on my screen. #notcool
,,negative,@Blackberry does take better quality photos than @Apple iPhone though. I give them that! #photograhersEye
,,negative,Ok @iTunesMusic idk wth is up but after syncing my phone my album art is out of order! WTF @Apple!
,,negative,I wish Siri could tweet for me . @apple fix that .
,,negative,@apple I'm still waiting for you to deliver my phone to @sprint
,,negative,I will never purchase another @Apple product for the rest of my life. I am glad Steve Jobs is fucking dead. MAY YOU FUCKING ROT IN HELL!!!!!
,,negative,Thanks to @Apple my new iMac is a brick. I cannot re-install Lion and I cannot purchase it because it was installed by the former owner.
,,negative,"Asked #Siri ""Where's Baby Lisa?"" and was told ""sorry, I'm having trouble connecting to the network right now."" @apple server fail. #ios5"
,,negative,Only thing #iOS.5 has done is deleted my tiger woods game and made impossible to retrieve. Thanks @Apple!
,,negative,Damn you @apple for breaking wififofum! It continued to work in ios 4. Was one of my most used apps. Damn Apple's overbearing policies!
,,negative,yo, @apple, this update is a disaster
,,negative,Dear @Apple,Congratulations, I am suing my insurance company and you just managed to make it to the top of my shit list. #Ineedthosepictures
,,negative,Dear @Apple: You must let me turn off iCloud to save bandwidth and NOT delete EVERY document on my iPad. That's BULLSHIT!
,,negative,RT @JoelBurns: Dear @Apple, it's me again. Thank for beautiful new iOS features. But I miss some of the old ones. Lk making calls & texts
,,negative,By far the worst experience upgrading out of any version of iOS @apple #iOS5
,,negative,What happened? RT @xCuntNuggetx: Never purchasing another item from @apple.
,,negative,Never purchasing another item from @apple.
,,negative,RT @leiboaz: Wow, worst @apple customer service experience ever. Arrogant and inept. Bad combo, Biltmore Apple store.
,,negative,Wow, worst @apple customer service experience ever. Arrogant and inept. Bad combo, Biltmore Apple store.
,,negative,Hey guys at @Apple, WTF is happening to #iPhone4, with #iOS5 suddenly fade to black and begin to vibrate continuously, I had to reboot it
,,negative,@hbogo @apple - why don't you play nice and let me use HDMI from iPad?  Pretty lame.
,,negative,Warning: if iphone apps spontaneously loose data, it might not be the app's fault - http://t.co/1SEsvWwm #ios5downgrade @apple @marcoarment
,,negative,RT @JoelBurns: Dear @Apple, it's me again. Thanks for beautiful new iOS features. But I miss some of the old ones. Like making calls & t ...
,,negative,â€¦and only the first 23 images in my Photo Roll made it over? Seriously, @apple, how did you fuck this up so much?
,,negative,@apple why does #iPhone4 plus #iOS5 equal half the battery life?
,,negative,@apple why isn't my iTunes updating? I just wanna update my iPhone to IOS5!!! Then iTunes says that it needs to update to do it. Then fails!
,,negative,Now @apple won't let me use credit on @iTunes unless I have a credit card. Should have told me when I redeemed the cards. Sound fair to you?
,,negative,@amandbrar @apple Siri has worked for me less than 10% of the time. If service doesn't improve by Monday, I'm returning my iPhone 4S.
,,negative,@azrael: RT @DavideGori: And again #MobileMe is down. Issues when syncing, accessing mail... is this a good premise for #iCloud? @Apple, ...
,,negative,need @apple help!! installing new ios on #iphone4 and am stuck on the Find My iPhone screen :( i keep clicking next but it doesn't work
,,negative,Bummer that @Apple #iCloud syncs on Windows only w/ Outlook (not Thunderbird) & IE (not Firefox, Chrome). #sadmac
,,negative,@RonakKataria @apple you heard of testing before deploying updates. Difference between microsoft & apple: None
,,negative,Disappointing visual merchandising, @apple. Simple, but lacks elegance. And sequence doesn't even tell us about #Siri. http://t.co/XV2q3gfi
,,negative,has been on terminal hold with @apple support!  She must not be the only person having trouble with the new iphone and synching!
,,negative,@apple thanks apple for ios 5 and losing all my contacts!
,,negative,@apple give me my apps back!!!
,,negative,"@Apple #iOS5 NONSTOP DROPPED CALLS&MUTE BUTTON RANDOMLY ACTIVATING&PERSON CANT HEAR ME, PULL PHONE FROM EAR TO BE ON A ""MOBILE ME"" SCREEN"
,,negative,RT @tomcolontonio: Didn't it occur to @apple #apple that ppl share iTunes accounts amongst family's ?????
,,negative,@tomcolontonio @apple #EPICFAIL
,,negative,90 minutes after being at 100% my iPhone 4 (post #ios5 upgrade) has lost 40% of its charge and the @apple store folks are out of ideas.
,,negative,"So ""cutting the cord"" makes podcasts even harder to manage?!? No subscriptions! WTH, @Apple? http://t.co/LD2i871x #iOS5 (via @carrypad)"
,,negative,"remember when people used to say ""flat the fuck out!!"" lol.. and their face while saying.... kindahow i feel about @apple"
,,negative,In less than an hour my post- #iOS5 iPhone has gone from 100% to 73% battery charge and the @apple store folks have no solution for me :(
,,negative,Well @apple seems 2b screwing #iphone 4s resellars. They still dont have 4s. Yet were promised. Similar 2 Ma Bell's monopolistic prctices?
,,negative,Also @EricGreenspan, don't forget @Apple stop closing the app store after each bloody purchase...
,,negative,@apple cu
,,negative,*sigh* @apple store seems stumped what to do about my catastrophically bad battery life after upgrading to #ios5
,,negative,Hmmmm a lot of #Siri features don't work in Canada. Location and directions? Seriously @apple come on!
,,negative,@apple, #siri can't connect to the network -- it's LESS useful that VoiceControl now... :(
,,negative,@apple took my Siri and made it exclusive to iPhone 4S  #SoRude
,,negative,total time on the phone with @apple: 1 hour 27 minutes. let's see how this goes.
,,negative,"Waited in line for nothing, fucking genius @Apple called an app for ""John"" not ""jean"" stop fucking up my name im not a French boy. #PCam ..."
,,negative,Dear @apple, One day you're going to release a version of iTunes that doesn't freeze more often than it works. One day.
,,negative,It's been 24hrs since I reported @ups theft of my iPhone and @apple has done nothing. No return call as promised. Nothing.
,,negative,This does not bode well. After charging all night, my @Apple iPhone 4S has 25% battery after only 3hr off charger with no calls & light use
,,negative,Houston we have a problem!! My iPad has been restoring for 12+ hours after installing @apple IOS5. This can't be right....
,,negative,#Siri went down for a little while last night. Come on @apple! Get your shit together on this launch!
,,negative,@ford should have teamed up with @Apple instead of @microsoft to make this SYNC system in my new focus. 
,,negative,Installed io5 - fine on ipad but wiped wife's iPhone and restore from backup failed! #Bigtrouble #help @apple
,,negative,RT @gdcurry: Really @Apple?  What have you done to my iTunes now?  I can't click on Music, Movies, TV Shows, or any playlists. I get a l ...
,,negative,DAMN YOU !!! @apple
,,positive,Took me months to decide, but tonight I have chosen #google over Amazon S3 for image storage solution.
,,positive,"RT @spacecanard Today's the Day. ICS &lt,3 #android #google #samsung"
,,positive,The new Nexus looks good! UI feel a bit confusing but I guess Android users are ok with that! Now, try it :) #Google #android #nexusprime
,,positive,Very nice trivia game by #Google. Helps you use their search better http://t.co/ikN087ZE
,,positive,Very nice trivia game by #Google. Helps you use their search better http://t.co/c5Tu3dZK #fb
,,positive,Cant build a website. Get a #Google website #Free ! http://t.co/7qUy4uOU
,,positive,#Android ICS is looking pretty good. Not quite sure if its worth the 4.0 numbering leap. #google
,,positive,@Tita_Ramos #Google it =)
,,positive,RT @p1j Android 4.0 Ice Cream Sandwich is Here with a Google Nexus in new Avtar!   http://t.co/MTu7tGx7   #android #google #nexus #BigMAMA
,,positive,"Me too RT @MohamedG: Exciting day, It's Ice cream Sandwich day ,) #Google #Android"
,,positive,WOW the new #Google #Nexus is just beautiful. totally gonna boost google's market share in the smart phone market.
,,positive,hahaha integrated data usage manager... in sucha brilliant way, sleek design, superb and I'm only watching videos LOL #Google
,,positive,I fancy an Ice Cream Sandwich #google #android. Wonder it will works on my HTC Desire?
,,positive,Google Ice Cream Sandwich - sounds yummy!  What do you think? http://t.co/gMsgXcq8
,,positive,#Google Me!!!!!!!!
,,positive,"Exciting day, It's Ice cream Sandwich day ,) #Google #Android"
,,positive,Android 4.0 Ice Cream Sandwich is Here with a Google Nexus in new Avtar!   http://t.co/mSWX6Eo6   #android #google #nexus #BigMAMA
,,positive,@Bla1ze I was referring to #Google & #Icecreamsandwich. It looks amazing. What imo android was missing. I ... http://t.co/rE4nLZgI
,,positive,http://t.co/QV4m1Un9 Forget the phone.. Nice UI. Liking the Scroll Feature #android #google #nexus
,,positive,Simply Amazing! http://t.co/9qmG3irA #Google #Samsung #Galaxy #Nexus #Prime #Android4 #IceCreamSandwich
,,positive,#Google has finally unveiled the much awaited #Android OS Ice Cream Sandwich & it sure looks good! http://t.co/sNL38EM1
,,positive,#google Finally!! All searches for logged in users will be on https! http://t.co/RaUeRrtF
,,positive,#RIM should really take an in debt look at #Google's strategy... They released the #NDK for #Icecreamsandwich 3 HOURS after release. #ics
,,positive,RT @vattam: Man! I've fallen in love with Galaxy Nexus! #google #samsung #galaxynexus #android
,,positive,When in doubt... #Google it!!!
,,positive,[GReader Share] Five Reasons Why Google is Winning the War in Photosharing  http://t.co/coQCLb9R - #photography #fotografia #google+
,,positive,RT @Assim99: Dear #Google, I want the Galaxy Nexus NOW. Please send it to me by email or something - I know you have the technology
,,positive,RT @shagorikah: Telegraph reports that the biggest threat to #facebook is its power users have shifted to #twitter or #google+ http://t. ...
,,positive,Sorry #Apple #Google and #Samsung just made you look bad. #Android is king
,,positive,Telegraph reports that the biggest threat to #facebook is its power users have shifted to #twitter or #google+ http://t.co/JHdTYKCV
,,positive,#Facebook power users 'have gone to #Google+ and #Twitter' - Telegraph http://t.co/vwCiOv1f Who are they? #socialmedia
,,positive,Not impressed much with the new Android update. But good signs: a readable font, emphasis on design, and less nerdiness. #google
,,positive,Video: #Google wallet, see the wow effect http://t.co/mcW78VtG
,,positive,When I'm about to tweet something and I cant remember how to spell I go straight to #Google
,,positive,Dear #Google, I want the Galaxy Nexus NOW. Please send it to me by email or something - I know you have the technology
,,positive,"#GOOGLE #ANDROID 4.0 out ,-) Available with #SAMSUNG nexus!"
,,positive,Maybe not the most efficient way to browse, but fun: #Google releases an Infinite Digital Bookcase http://t.co/X1qzeX7f by @MeghanKel
,,positive,@jowyang it's difficult to pass up #google+ considering the social seo benefits of google+ vs facebook
,,positive,Ice Cream Sandwich to stop carriers bullying smartphone users #google #android http://t.co/BZNy74Nn
,,positive,"I agree with @wellis68 that the ""Hangouts"" on #Google+ are friggin' awesome!â€"
,,positive,http://t.co/Pl4ZeEvH - Ice Cream Sandwich to stop carriers bullying smartphone users #google #android http://t.co/BgKiMGJF
,,positive,#google #galaxynexus #icecream great
,,positive,The next #Google #Nexus phone is here!!. http://t.co/edSwoXoC
,,positive,Google Earth Helps Locate Salmonella Hotspots http://t.co/mcz9RSDf #google
,,positive,#ThingsWeAllHate that person that acts like they know every fucking thing bitch you not #Google
,,positive,#samsung galaxy nexus = orbital laser. #apple iphone 4s = wooden stick #google
,,positive,/want http://t.co/srbm3V0K #Google #Nexus #Samsung #Galaxy
,,positive,Ice Cream Sandwich u r really delicious Can ditch iPhone for u that's for sure. #Google launches #Android4 aka #IceCreamSandwich :)
,,positive,#google+ (: lovin it
,,positive,"""Samsung and Google have closely collaborated to push the mobile experience forward. We are pleased to ... http://t.co/ecT8fYIA #Google+"
,,positive,RT @RoycinD: FINALLY ! Power + Volume = Screenshot. No more rooting required! #Google #ICS #galaxynexus
,,positive,I want the new #google #galaxynexus. Android 4.0 is going to be the fucks
,,positive,#Google #Nexus press conference http://t.co/2WV01o5v #slick
,,positive,S/O to #google for getting me through high school and college....you are appreciated
,,positive,iScream u scream v all scream #android #IceCreamSandwich. A job well done by #google and a major game changer in the #mobile #OS space
,,positive,@immad_immad #google, always thinking ahead
,,positive,@VentureBeat I like the #google virtual bookcase thank you for sharing
,,positive,#Google's #IceCreamSandwich was revealed. I'm getting an #Android whenever I get a new phone, but I'm keeping my #iPhone for now.
,,positive,"#Android #Google Ice Cream Sandwich Feature Closer Look - Roboto Type Face Is ""A Pleasure"" To Read http://t.co/DJsp2G5B #DhilipSiva"
,,positive,Fantastic work from #Samsung and #Google on the #GalaxyNexus superphone and the new #Android #ICS. Very impressive.
,,positive,... I think I should work for #MelaleucaTheWellnessCompany ... Probably the best company to work for .. oh and #Google
,,positive,i love #google
,,positive,Can't wait for Ice Cream Sandwich. http://t.co/RtDzjq2U #android #google
,,positive,i need a hookup, stop teasing me #google http://t.co/07YR58wL i want the new #nexus
,,positive,well.....#google's #icecreamsandwich and new accompanying phone are, as usual, neat, but nothing ground-breaking
,,positive,#Android #Google Device Frame Generator Updated For Galaxy Nexus - Your Screenshots Just Got Prettier http://t.co/9bWt2W6z #DhilipSiva
,,positive,Mmm... #SmarterPhone RT @Android: Introducing Ice Cream Sandwich, the delicious new version of Android: http://t.co/AXl2K1Gs #ICS #google
,,positive,So so excited for all of the new Android features! Awesomeness :) #Android #ICS #Google #GalaxyNexus
,,positive,#IceCreamSandwich went way and beyond what I expected. Can't wait to get it on my Nexus to play with! #Google
,,positive,Check this video out -- Introducing Galaxy Nexus. Simple, beautiful, beyond smart http://t.co/fiTI6ZIA é€éŽ @youtube #android #nexus #google
,,positive,Cream on the inside, clean on the outside. Ice Cream phone job. #Google
,,positive,#Google+  great for small businesses? I think so. The platform has some really beneficial features. Thoughts? http://t.co/FytcyEG2
,,positive,RT @Mr_Lister: Loves the new presentations tool for Google Docs - particularly themes and adding video via URL #google #sd33 #edchat #ed ...
,,positive,brilliant WebGL Bookcase #google http://t.co/CR3A6k9U
,,positive,#Google's like my wife - searches things for me and completes my sentences.
,,positive,#Android 4.0 Ice Cream: Introducing Galaxy Nexus. Simple, beautiful, beyond smart http://t.co/vUWgyx3N #Google
,,positive,"http://t.co/Izh7KaiU #google #nexus #prime &lt,3 #android"
,,positive,Interesting bookcase..RT @VentureBeat: #Google releases an Infinite Digital Bookcase http://t.co/urxJixCe by @MeghanKel
,,positive,#google is my bff rite about now!
,,positive,have to finish faster the only way is to google it!!!! #google :D
,,positive,Good to see #Google finally turning their focus on user experience. http://t.co/AYhOKgo8 #IceCreamSandwich #Android
,,positive,ICS looks awesome, please let me have it on my phone!  #android #google #motorola
,,positive,Iphone 4s almost had me ... ALMOST !! Ice Cream Sandwich FTW !! http://t.co/p32Ehduq #android #google
,,positive,RT @Sarahhhhh112: @_xmas_carroll Yeah I got #skype and #google+ and #twitter so who needs facebook?
,,positive,There you go - according to http://t.co/4Y8aS4zz #Google+ is builtin to the OS/Nexus line? Smart move :)
,,positive,Oh yes, and now - The Android Beam! Alright, I made the right decision to be on Team #Google, Team #Android!
,,positive,I just add my profile on the #Google+ WebGL Globe project. Add yours ! http://t.co/UWeYalKb via @AddThis
,,positive,Thanks Android for admitting you're ugly. New font is a good start! #ics #google
,,positive,Ice Cream Sandwich's Face Unlock really works! http://t.co/2SjN2BzZ #icecreamsandwich #google #galaxynexus
,,positive,I'm so ready for Ice Cream Sandwich! #ICS #Nexus #Google #Android #SiriWho? http://t.co/Cjonncvk @GetGlue #Android
,,positive,Mmmm Ice Cream Sandwich #Android #Google
,,positive,Just seen a taste of #Google's ice cream sandwich, now I want a bite
,,positive,Probably the best #IceCreamSandwich (yet)! #Samsung and #Google's event live blog by @engadget! Why haven't I switched to #Android again?
,,positive,RT @YashasJoshi: #android 4.0!!  Ice Cream Sandwich will now make all other smartphone operating systems look outdated.  #Androidbeam Wo ...
,,positive,Instant photo sharing and the people app are what's best in Ice Cream Sandwich, IMO. #google #ics
,,positive,The new android #Nexus phone makes the #iPhone look like a cheap toy at dollar store! #tcot #android #google #RealEstate @Burkepatch
,,positive,Sweet Ice Cream Sandwich RT @Pocketlint Google Android 4.0 Ice Cream Sandwich officially detailed #google #ics http://t.co/iUY0DF5S
,,positive,"""@SamsungMobileCA: Raise your hand if you now want an #Android4 #IceCreamSandwich powered #GALAXYNexus phone! #Google #Samsung""-I do!"
,,positive,Siri, which #Android device should I replace my #iPhone with? #Apple vs. #Google
,,positive,The new Google Nexus page is live! - http://t.co/zrqoeWxI #nexus #google #android #icecreamsandwich
,,positive,I'm most excited about Android beam & face detection unlock for Android ICS. #AndroidBeam #Google #IceCreamSandwich
,,positive,Are you using #Google+ and #Linkedin yet? These are essential tools to get your company and/or you on the FIRST page of Google. Contact...
,,positive,RT @SebasCoulombe: Thanks to Samsung and Google, I'm now craving for some Ice Cream Sandwich !  #IceCreamSandwich #Google #Samsung
,,positive,Introducing Galaxy Nexus. Simple, beautiful, beyond smart http://t.co/qaMj3MeR #android #ICS #google #samsung
,,positive,So glad #Google adopted a design philosophy for #Android 4.0 a.k.a It shows soooo much! This is the polish I've been waiting for!
,,positive,Thoughts on Android 4.0 #ICS? Excited to play with the new features. #android #google
,,positive,Register now for your Galaxy Nexus :) http://t.co/37WkIoXC #Android #Google
,,positive,Wow! RT @dalmaer: WebGL infinite bookcase UI http://t.co/aijYsfHO #google
,,positive,#Google + #Samsung = Perfect #Icecream sandwich #GalaxyNexus
,,positive,Thanks to Samsung and Google, I'm now craving for some Ice Cream Sandwich !  #IceCreamSandwich #Google #Samsung
,,positive,Loved the Google release of Android OS 4.0 Ice Cream Sandwich! #Samsung #Android #Google #IceCreamSandwich #amazing!
,,positive,Google ICS looks awesome, can't wait til it gets ported over to my evo, face unlock?! ... #android #google
,,positive,#ICS is Sick, good work #google team
,,positive,I gotta say, Google's got some pretty catchy advertisements for Android and Chrome. #google #android
,,positive,@jessecablek I want it too. Now just wondering who will be carrying it in November. Or direct purchase from #google / #samsung
,,positive,#Google's #Nexus really i wanna it now #Awesome
,,positive,Well the event is now over, time to change my pants #Google #Android #Samsung #Jizz
,,positive,I'm an iOs user but the #ICS is awesome, great job #google
,,positive,Oh yeah I'm in I want one now #Google really did a great job #ICS
,,positive,RT @ThatTechGuy92: LITERALLY HAD MY MIND BLOWN AWAY JUST NOW!!!!! #Google #Samsung
,,positive,@BrandonMiniman @Jaime_Rivera I'm an iOs user but the #ICS is awesome, great job #google
,,positive,"#google + #motorola + #verizon = perfect combination! &lt,3"
,,positive,Loved the introduction of the Google Galaxy Nexus & Ice Cream Sandwich. Really looking forward to my new phone #android #ics #nexus #google
,,positive,GO, GO, GO Ice Cream Sandwich developers! #Android SDK r14 is LIVE @ http://t.co/OeUrmtLX! #Google
,,positive,#android 4.0!!  Ice Cream Sandwich will now make all other smartphone operating systems look outdated.  #Androidbeam Wowww..  #google
,,positive,Galaxy Nexus = #Google #Android #Samsung - the dream team! :) http://t.co/R5juJSBr
,,positive,yumyumyum...I want Ice Cream Sandwich... #google #android
,,positive,Soon. Getting ready for the party. #google #android #icecreamsandwich http://t.co/eZjCzLt6
,,positive,RT @SamsungMobileCA: Raise your hand if you now want an #Android4 #IceCreamSandwich powered #GALAXYNexus phone! #Google #Samsung
,,positive,All this talk about about how good #icecreamsandwich looks is making me hungry #google #omnomnomnom
,,positive,O. M. G. #Google is nuts with #ICS and this new phone!
,,positive,iPhone users find the nearest trash for your device it's the correct place ! #Android #Apple #Google #iPhone
,,positive,#Google / #Samsung #Galaxy #Nexus #ICS press release is now done, I'll go back to my regular tweeting intervals now :) I WANT IT!
,,positive,Raise your hand if you now want an #Android4 #IceCreamSandwich powered #GALAXYNexus phone! #Google #Samsung
,,positive,Ready for some Ice Cream Sandwich! #google #android
,,positive,Alright, well #Apple just got its ass kicked in the face by #Google so hard with its new Googles #Nexus phone. It will be brilliant.
,,positive,LITERALLY HAD MY MIND BLOWN AWAY JUST NOW!!!!! #Google #Samsung
,,positive,What I think about #AndroidIceCreamSandwich ? Thats the most delicious piece of sandwich ever. Get me it real fast #GOOGLE !
,,positive,iphone users i reaaly feel sorry for you after i saw ice-cream sandwich #Android today, #Google #apple #Android #iPhone
,,positive,Pretty big deal from #Samsung and #Google def can't wait to get my hands on the #GalaxyNexus and #ICS
,,positive,I cannot wait for a new #ICS phone!!! #Google #android
,,positive,RT @eboyee: Dostupan SDK - WOW R.E.S.P.E.C.T. #Google #IceCreamSandwich
,,positive,Dostupan SDK - WOW R.E.S.P.E.C.T. #Google #IceCreamSandwich
,,positive,OMG the #Android 4.0 SDK is available NOW @ http://t.co/OeUrmtLX!! #Google
,,positive,The new #Samsungnexus and 4.0 OS make the #iPhone4s look like an old bag phone. Nice job #Google and #Samsung.
,,positive,Calling all #marketing executives in #houston - sign up for #google #training - http://t.co/vo542MrZ - I can't wait to be there for the week
,,positive,Android Beam - sharing contacts, articles, files, and games, pretty cool #Google #ICS
,,positive,"Slick beam capabilities included in Android 4.0. Touch 2 devices together and select ""Beam"" and content is transferred #Google #Android #ICS"
,,positive,"really digging the #UI of of ""#Quick #Response"" from #Google android great for politely declining calls lol"
,,positive,goodbye Bump ... #Google #ICS
,,positive,@WPdesignteam @joebelfiore @windowsphone - You guys just taught #Google #Android how to design a decent phone. So much Metro. Good Job guys!
,,positive,People App in #ICS looks promising! As usual #Google is good at integrating different apps and make it a total new user experience!
,,positive,"On a positive note, advanced control of your data usage is a really great idea ,) #google #nexus"
,,positive,#google #icecreamsandwich totally blowing #Apple iShit away...
,,positive,I love Ice Cream Sandwich :) #Android #Google #Samsung
,,positive,#NerdBoner in full effect. Watching #Samsung #Google #NexusPrime #IceCreamSandwich live event!
,,positive,Great, live contact management, quick contact card, add people directly to.your home screen #Android4.0 #Google
,,positive,#Google has done it again ..... #IceCream Sandwich
,,positive,New contact app builds on a magazine style layout and aggregates contact info from multiple sources. Very slick. #Google #Android #ICS
,,positive,Nexus Prime looks NICE. #google #android
,,positive,New Galaxy Nexus: Video looks awesome! #nexus #samsung #google #android bit.ly/nEJbyE
,,positive,Infinite Spiral Bookcase for #Google Books looks amazing, interested to see where it is headed: http://t.co/RXWD6sN8
,,positive,New Galaxy Nexus: App Improvements -  Inbuilt Panoramic Pictures #nexus #samsung #google #android bit.ly/nEJbyE
,,positive,With the new #Google #Android 4.0 Ice-Cream Sandwich, you can take Panorama picture right Out-of-the-Box... SWEET!
,,positive,"RT @RespectMaSwagg: #ThingsWeAllLove ----&gt,&gt, #Google"
,,positive,Camera app now has Panorama capabilities! #Google #Android #ICS
,,positive,I want some of these #google toys
,,positive,Good god the camera app in Icecream Sandwich is amazing.. and that camera is FAST!  #samsung #google #android #galaxyNexus
,,positive,Better gallery app to be included with Android 4.0 as well. #Google #Android #ICS
,,positive,#ics shutter speed is insane! Wow! Two thumbs up #google
,,positive,Android 4.0 FINALLY includes photo editing tools. #Google #Android #ICS
,,positive,New Galaxy Nexus: OS /Hardware Improvements -  Camera Zero Shutter Lag #nexus #samsung #google #android bit.ly/nEJbyE
,,positive,Data Usage feature looks amazing and useful! #Google #GalaxyNexus
,,positive,Wow, very fast camera on Galaxy Nexus - faster than N9 i think :o #google
,,positive,"RT @Mrgareth: ""Top Three 'playing nice' scores were #Google, #Salesforce and #Xero"" in @itnews_au ""Which #Clouds Play Nice"" report: http ..."
,,positive,"The new camera app along with the ""zero delay"" camera on the Galaxy Nexus is very nice! #Google #Android #ICS"
,,positive,Unbelievable Data Usage info on Ice Cream Sandwich
,,positive,Data usage in ICS.. Looks like I don't need Watchdog 3G Pro anymore.. hah! #Android #ICS #Google
,,positive,This Data Usage feature looks amazing on ICS. #android #samsung #google #GALAXYNexus
,,positive,Icecream Sandwich looking good so far. #android #google
,,positive,@kymbersanden #google my favorite study guide
,,positive,Ice cream Sandwich looks awesome #Google #ICS.
,,positive,New Galaxy Nexus: OS Improvements -  Data Usage tools inbuilt #nexus #samsung #google #android bit.ly/nEJbyE
,,positive,#Google #Android Icecream Sandwich OS for Nexus Prime Released! [LIVE BLOG] | http://t.co/LF03ZKUz #technology #hk
,,positive,what i love about #GOOGLE it always shows me that am not the only retarded person on this planet when am searching for stupid things :D
,,positive,RT @SamsungMobileCA: #GALAXYNexus has arrived! #Samsung #Google
,,positive,New calendar app with pinch to zoom capabilities. Far superior to the current one! #Google #Android #ICS
,,positive,New Galaxy Nexus: App Improvements - Gmail  offline search of last 30 days  #nexus #samsung #google #android bit.ly/nEJbyE
,,positive,I love how it syncs your #Chrome bookmarks with your phone! #icecreamsandwich #google
,,positive,Thank god Gmail app has been redesigned under Android 4.0. Conversations automatically expanded. #Google #Android #ICS
,,positive,Seriously!? Why do I still find the yellow pages ph book at my doorstep? These days I just #google it on my iphone.
,,positive,#excellent #AngryBirds #Google #Chrome #Commercial 1080p HD http://t.co/LLsLrxFM via @youtube
,,positive,Watching the Android announcement from Google and Samsung. IceCream Sandwich looks really interesting. http://t.co/oeZK9iV1 #google #android
,,positive,As an iPhone user, I think the Samsung Nexus Galaxy looks great. And Ice Cream Sandwich looks fantastic. http://t.co/Z9IDoNi7 #Google
,,positive,WHAT!!!!!! #Google #Chrome syncs with your #Android device's bookmarks!?!?! NICE!
,,positive,The Samsung Galaxy Nexus and Ice Cream Sandwich are sick! #android #icecreamsandwich #google
,,positive,Inline keyboard spell check is nice #ICS with native voice dictation. #Android #Google
,,positive,I can't wait to get the new #Galaxy #Nexus with #IceCreamSandwich... best yet it supports my #Google Wallet http://t.co/bqMuHxkK via @cnet
,,positive,ICS on the Galaxy Nexus has very smooth and responsive screen and widget navigation. #Google #Android #ICS
,,positive,New Galaxy Nexus: OS Improvements -  Built on Ice Cream Sandwich version of Android #nexus #samsung #google #android bit.ly/nEJbyE
,,positive,New Galaxy Nexus: OS Improvements -  Stacks & Scrolling introduced for widgets  for richer content #samsung #google #android bit.ly/nEJbyE
,,positive,Updated live wallpaper. Virtual buttons that disappear when you are in full screen mode. More awesome widgets. #Android #Google
,,negative,There are too many #google services that do not work when you are a #googleapps user. #googleplus above all + profiles + #plusone
,,negative,Starting to doubt #google android policy: no released android sources since 2.3.3! Curious for an opensource project to say the least...
,,negative,Youtube video views are still not updating properly. #google #youtube #fail
,,negative,Did #Google really just highlight a new font #Roboto as part of their #ICS announcement for #Android...?! Seriously.
,,negative,RT @businessuplift: Why #facebook and #google have got it wrong http://t.co/PDbF7H3f
,,negative,#google+ is really confusing..
,,negative,is mulling #google+ but hmmm, just aint shore bout nuther social media profile.
,,negative,ATHEN's review of #Google Docs #accessibility shows a lot of work needs to be done. http://t.co/rad9WdSw #a11y HT @chadleaman
,,negative,Gonna dump one of my gmail accounts. not only do I get tons of spam I get tons of false positives. Not cool. #Google
,,negative,The awkward moment when google #chrome take a hell of a lot time to load #googleplus #google
,,negative,#Google #Cloud Service Blackouts Threaten Cloud Users: During a 30-day period in August and September, for ... http://t.co/G0ElVRVJ #TCN
,,negative,Why Google+ Has Uphill Battle Vs. Facebook: Sean Parker http://t.co/L8RSX1Yf #google
,,negative,RT @LCmediaHouse: 4chan's Chris Poole: #Facebook & #Google Are Doing It Wrong http://t.co/ZIxfa91N | via @RWW #socialmedia
,,negative,Lecture Notes in Financial Economics pdf ebook:  http://t.co/7gJQvEwN #google
,,negative,I hate tron theme #Google #ICS
,,negative,Now, really #google how hypocritical is this? http://t.co/6nHuYFeh #analytics
,,negative,Codename or not, awesome or not, I have a hard time taking ANYTHING called 'Ice Cream Sandwich' seriously. #google #android #sticky #melts
,,negative,RT @IAmDkT: The only letdown of the Samsung Galaxy Nexus phone is the 5.0 MP Camera. #ICS #Samsung #SamsungGalaxyNexus #SGN #Android #Google
,,negative,#Google introduce new Android tablet called 'Ice Cream Sandwich'? I'm a #Singaporean, and I'm (very) confused.
,,negative,#ICS introduces Facial recognition to unlock phone, however - the demo didn't go as planned.http://engt.co/q2KeC7 #Google Goof up! #Android
,,negative,Ice cream sandwich, really #google?
,,negative,@kursed #Google is terrible at presentations. Hated the terrible camera interference from the huge screen behind the speakers. #headache
,,negative,just watched the #GalaxyNexus announcement by #Google and #Samsung.. The only thing keeping me from buying? It's only on #Verizon. #FAIL
,,negative,@MrTonySays I tried to #Google the word #Visigoth and apparently  #Google didn't know either cause my  phone froze.
,,negative,RT @SHlFT: dear #google & #samsung... learn some presentation 101 first. please.
,,negative,The only letdown of the Samsung Galaxy Nexus phone is the 5.0 MP Camera. #ICS #Samsung #SamsungGalaxyNexus #SGN #Android #Google
,,negative,#Google, I've blocked your global IP network from all my sites. J/K.  Stop being evil.
,,negative,BOO to no GoogleMusic news, US carrier news, or price points. #google #ICS #android
,,negative,"From it's laughable file: #google will #encrypt #search results BUT only if U have ""logged in"" so they can maximize their #data #collection!"
,,negative,@adiman_ #google #fail
,,negative,+1 RT @SHlFT: dear #google & #samsung... learn some presentation 101 first. please.
,,negative,dear #google & #samsung... learn some presentation 101 first. please.
,,negative,+1 RT @tah_med: the background is SO horrible for this stream #Samsung #Google #NexusPrime they should've seen what #Adobe did at #AdobeMAX
,,negative,WHERE THE HECK IS THE @ANDROID SOURCE CODE ?? WTF #GOOGLE
,,negative,Not greatly impressed with #Google and #Samsung presentation skills.
,,negative,"Android ice-cream sandwich's ""Face Unlock"" fails to perform recognition when demo'ed on stage :D"
,,negative,good job, #google.  did anyone get when any of this shit is actually shipping? #infofail
,,negative,We need dates! #google #samsung #launchfail
,,negative,Also, the #Google problem. @chucktodd: Problem for Santorum's electability argument: the double-digit loss in 2006
,,negative,They need to talk about the battery life impact of #AndroidBeam. It can't be good news. #Google #Android #ICS
,,negative,another android demo #fail! #google
,,negative,Too bad #google didn't have a tribute graphic for #DennisRitchie.
,,negative,Presentation fail. #Google #Samsung
,,negative,The #Google guys are illustrating the perils of a live demonstration admirably. #GalaxyNexus #ICS #Android
,,negative,Android Crashing: 1, Google 'Quick Response' Feature: 0 #Google #ICS #Android #QuickResponse
,,negative,Why is #Google advertising Adwords Express on #Bing? Hmmm, I know Ballmer is happy :-D. #Google, your already a monopoly.
,,negative,#Google People app...the next revolution in stalking.
,,negative,first thing on #google's to do list: hire a performance coach.
,,negative,#Samsung, #Google Unveil Phone http://t.co/hOB37hbO
,,negative,Why is #Google whoring for SAMSUNG? #ICS
,,negative,If #Google don't fix pinch-zoom on #Android 2.3.6 soon, I might have to leave the fold and go #CyanogenMod
,,negative,facial recognition failed #IceCreamSandwich jajajajajajaj #FacialUnlock #samsumg #Google
,,negative,Ouch, crash and burn. #Android facial recognition in #IceCreamSandwich didn't work during the presentation. http://t.co/6vsasZyT #Google
,,negative,Google is gonna need to do better than this to beat #iOS #Android #icecreamsandwich #Google http://t.co/tBNyX7p7
,,negative,RT @RoycinD: Face Unlock ! #ICS Literally knows your face! #Google #galaxynexus FAILED !
,,negative,#fail on the face recognition not working #google #samsung
,,negative,The face recognition unlock would be cool if it works. #android #google #icecreamsandwich
